Item Name,Short Name,Druid,Category
Bow of Mystical Energy,T13 Bow,10,Bow
Leaf Bow,,10,Bow
Doom Bow,DBow,10,Bow
Thousand Shot,TShot,15,Bow
Coral Bow,CBow,15,Bow
Bow of the Void,Void Bow,25,Bow
Nectar Crossfire,,10,Bow
Ancient Doom Bow,Ancient DBow,15,Bow
Deathless Crossbow,,10,Bow
Robobow,,10,Bow
Sun's Judgement,Suns Judgement,10,Bow
Blazon Bow,,15,Bow
Brilliance Bow,,7,Bow
Butter Bow,,7,Bow
Predator Bow,Oryx Bow,10,Bow
Bergenia Bow,Woodland Bow,5,Bow
Heartstruck Bow,,10,Bow
Bow of Deep Enchantment,T14 Bow,15,Bow
B.O.W.,,10,Bow
Resplendent Bow,,5,Bow
Harmonious Harp,,10,Bow
Bramble Bow,,1,Bow
Garland Bow,,5,Bow
Warmonger,,25,Bow
Clover Bow,,5,Bow
Ignis,,10,Bow
Tectonus,,10,Bow
Hailstorm,,10,Bow
Precisely Calibrated Stringstick,,10,Bow
Bolt Thrower,,10,Bow
Clockwork Repeater,Enhanced Doom Bow,20,Bow
Makakoyumi,Moonlight Bow,25,Bow
Shiny Bow of the Void,Shiny Void Bow,30,Bow
Shiny Doom Bow,Shiny Dbow,15,Bow
Arctic Bow,,15,Bow
Hero's Bow,Hero Bow,10,Bow
Aspirant's Bow,Aspirant Bow,15,Bow
Shiny Leaf Bow,,15,Bow
Shiny Warmonger,,30,Bow
Bone Bow,,10,Bow
Silver Revolvers,,5,Bow
Celestial Recurve,,25,Bow
Blue Falcon,,10,Bow
Transdimensional Bow,,10,Bow
Electric Guitar,,10,Bow
Shiny Garland Bow,,10,Bow
Shiny Blazon Bow,,20,Bow
Shiny Coral Bow,,20,Bow
Shiny Clockwork Repeater,,25,Bow
Shiny Makakoyumi,,30,Bow
Sunny Side Bow,,15,Bow
Spring Wonder Bow,,5,Bow
Shiny Bramble Bow,,6,Bow
Spider Silk Bow,,10,Bow
Bow of the Morning Star,,10,Bow
Shiny Thousand Shot,Shiny TShot,20,Bow
Shiny Spider Silk Bow,,15,Bow
Frozen Whisper,,25,Bow
Cloak of the Planewalker,Planewalker,10,Cloak
Cloak of Bloody Surprises,Bloody Cloak,35,Cloak
Ghastly Drape,,10,Cloak
Cloak of the Mad God,Mad God Cloak,30,Cloak
Cloak of Refraction,Refraction Cloak,15,Cloak
Mirror Cloak,April Fools Cloak,5,Cloak
Cloak of the Darkened Sun,oryx cloak,15,Cloak
Cloak of Nightmares,T7 Cloak,10,Cloak
Vampiric Cape,,10,Cloak
Cloak of Cubic Enigma,,12,Cloak
Shiny Cloak of the Planewalker,Shiny Planewalker,15,Cloak
Shiny Cloak of the Mad God,,35,Cloak
Cloak of Eerie Trepidation,Halloween Bloody Cloak,35,Cloak
Cloak of the Deep,,25,Cloak
Shiny Cloak of Cubic Enigma,,17,Cloak
Shiny Cloak of Refraction,,20,Cloak
Shiny Cloak of Bloody Surprises,,40,Cloak
Dagger of Sinister Deeds,T13 Dagger,10,Dagger
Spirit Dagger,,10,Dagger
Dirk of Cronus,CDirk,35,Dagger
Queen's Stinger,Stinger,20,Dagger
Etherite Dagger,Etherite,15,Dagger
Carved Golem Remains,Golem Dagger,15,Dagger
Symbiotic Ripper,Ripper,15,Dagger
Corruption Cutter,,15,Dagger
Bone Dagger,,1,Dagger
Sunshine Shiv,,10,Dagger
Dueling Daggers,,15,Dagger
Corrosion Cutter,,20,Dagger
Mister Mango,,10,Dagger
Bounty Hunter's Dagger,Oryx Dagger,10,Dagger
Toxin Tooth,Sew Dag,5,Dagger
Dagger of Dire Hatred,T14 Dagger,15,Dagger
Avarice,,30,Dagger
Soulcursed Scythe,,5,Dagger
Poison Fang Dagger,,1,Dagger
Evergreen Dagger,,5,Dagger
Archangel's Judgement,Archangels Judgement,12,Dagger
Prismatic Slasher,,5,Dagger
Toy Knife,,10,Dagger
Toxic Toad,,10,Dagger
Chain Dagger,Steamworks Dagger,20,Dagger
Mischief,Enhanced Spirit Dagger,25,Dagger
Shiny Avarice,Shiny Ava,30,Dagger
Hero's Dagger,Hero Dagger,10,Dagger
Aspirant's Dagger,Aspirant Dagger,15,Dagger
The Right Hook,Tavern Dagger,15,Dagger
Shiny Dirk of Cronus,Shiny Cdirk,40,Dagger
Shiny Corruption Cutter,,20,Dagger
Blade of Fates,,10,Dagger
Phantasm Dirk,Halloween Cdirk,35,Dagger
Maize Machete,,15,Dagger
Shiny The Right Hook,,20,Dagger
Crescent Dagger,,10,Dagger
Reliable Pugio,,10,Dagger
Shiny Evergreen Dagger,,10,Dagger
Shiny Dueling Daggers,,15,Dagger
Shiny Spirit Dagger,,15,Dagger
Shiny Queen's Stinger,,25,Dagger
Shiny Poison Fang Dagger,,6,Dagger
Chicken Leg of Doom,,5,Dagger
Marionette Ravager,,10,Dagger
Shiny Marionette Ravager,,15,Dagger
Shiny Chain Dagger,Steamworks Dagger,25,Dagger
Moonstone Blades,t13 dual blades,10,Dual Blade
Soulforged Blades,t14 dual blades,15,Dual Blade
Fractal Blades,,20,Dual Blade
Pirate's Sidearms,Pirates Sidearms,15,Dual Blade
Shiny Fractal Blades,,30,Dual Blade
Hero's Blades,Hero Blades,10,Dual Blade
Hatchling Blades,,5,Dual Blade
50 Pirate Caves,50 PCave Completes,5,Dungeon Completes
100 Pirate Caves,100 PCave Completes,20,Dungeon Completes
10 Forest Mazes,10 FMaze Completes,1,Dungeon Completes
50 Forest Mazes,50 FMaze Completes,5,Dungeon Completes
10 Spider Dens,10 Spider Completes,1,Dungeon Completes
50 Spider Dens,50 Spider Completes,5,Dungeon Completes
10 Forbidden Jungles,10 Jungle Completes,1,Dungeon Completes
50 Forbidden Jungles,50 Jungle Completes,5,Dungeon Completes
10 The Hives,10 Hive Completes,1,Dungeon Completes
50 The Hives,50 Hive Completes,5,Dungeon Completes
10 Candyland Hunting Grounds,10 Cland Completes,5,Dungeon Completes
25 Candyland Hunting Grounds,25 Cland Completes,10,Dungeon Completes
25 Sprite Worlds,25 Sprite Completes,5,Dungeon Completes
50 Sprite Worlds,50 Sprite Completes,10,Dungeon Completes
25 Snake Pits,25 Snake Completes,5,Dungeon Completes
50 Snake Pits,50 Snake Completes,10,Dungeon Completes
25 Undead Lairs,25 UDL Completes,5,Dungeon Completes
50 Undead Lairs,50 UDL Completes,10,Dungeon Completes
25 Abyss of Demons,25 Abyss Completes,5,Dungeon Completes
50 Abyss of Demons,50 Abyss Completes,10,Dungeon Completes
25 Ancient Ruins,25 Ruins Completes,5,Dungeon Completes
50 Ancient Ruins,50 Ruins Completes,10,Dungeon Completes
25 Magic Woods,25 MWoods Completes,5,Dungeon Completes
50 Magic Woods,50 MWoods Completes,10,Dungeon Completes
25 Manor of the Immortals,25 Manor Completes,5,Dungeon Completes
50 Manor of the Immortals,50 Manor Completes,10,Dungeon Completes
25 Mad Labs,25 Lab Completes,5,Dungeon Completes
50 Mad Labs,50 Lab Completes,10,Dungeon Completes
10 Machines,10 Machine Completes,5,Dungeon Completes
25 Machines,25 Machine Completes,10,Dungeon Completes
25 Toxic Sewers,25 Sew Completes,5,Dungeon Completes
50 Toxic Sewers,50 Sew Completes,10,Dungeon Completes
25 Puppet Master's Theatre,25 Puppet Completes,5,Dungeon Completes
50 Puppet Master's Theatre,50 Puppet Completes,10,Dungeon Completes
10 Haunted Cemetery,10 Cem Completes,5,Dungeon Completes
25 Haunted Cemetery,25 Cem Completes,10,Dungeon Completes
10 Cave of a Thousand Treasures,10 TCave Completes,5,Dungeon Completes
25 Cave of a Thousand Treasures,25 TCave Completes,10,Dungeon Completes
10 Parasite Chambers,10 Parasite Completes,5,Dungeon Completes
25 Parasite Chambers,25 Parasite Completes,10,Dungeon Completes
10 Lair of Draconis,10 LoD Completes,5,Dungeon Completes
25 Lair of Draconis,25 LoD Completes,10,Dungeon Completes
10 Mountain Temples,10 MT Completes,5,Dungeon Completes
25 Mountain Temples,25 MT Completes,10,Dungeon Completes
10 Davy Jones Lockers,10 Davy Completes,5,Dungeon Completes
25 Davy Jones Lockers,25 Davy Completes,10,Dungeon Completes
10 Shaitans,10 Shaitans Completes,5,Dungeon Completes
25 Shaitans,25 Shaitans Completes,10,Dungeon Completes
10 Puppet Master's Encore,10 Encore Completes,5,Dungeon Completes
25 Puppet Master's Encore,25 Encore Completes,10,Dungeon Completes
10 Cnidarian Reefs,10 Reef Completes,5,Dungeon Completes
25 Cnidarian Reefs,25 Reef Completes,10,Dungeon Completes
10 Secluded Thickets,10 Thickets Completes,5,Dungeon Completes
25 Secluded Thickets,25 Thickets Completes,10,Dungeon Completes
10 High Tech Terrors,10 HTT Completes,5,Dungeon Completes
25 High Tech Terrors,25 HTT Completes,10,Dungeon Completes
10 The Taverns,10 Tavern Completes,5,Dungeon Completes
25 The Taverns,25 Tavern Completes,10,Dungeon Completes
10 Ocean Trenches,10 OT Completes,5,Dungeon Completes
25 Ocean Trenches,25 OT Completes,10,Dungeon Completes
10 Belladonna Garden,10 Bella Completes,5,Dungeon Completes
25 Belladonna Garden,25 Bella Completes,10,Dungeon Completes
10 Mad God Mayhem,10 Mayhem Completes,5,Dungeon Completes
25 Mad God Mayhem,25 Mayhem Completes,10,Dungeon Completes
10 Ice Tombs,10 Ice Tomb Completes,5,Dungeon Completes
25 Ice Tombs,25 Ice Tomb Completes,10,Dungeon Completes
10 Crawling Depths,10 CDepths Completes,5,Dungeon Completes
25 Crawling Depths,25 CDepths Completes,10,Dungeon Completes
10 Deadwater Docks,10 DDocks Completes,5,Dungeon Completes
25 Deadwater Docks,25 DDocks Completes,10,Dungeon Completes
10 Woodland Labyrinth,10 WLab Completes,5,Dungeon Completes
25 Woodland Labyrinth,25 WLab Completes,10,Dungeon Completes
10 Ice Caves,10 Ice Cave Completes,5,Dungeon Completes
25 Ice Caves,25 Ice Cave Completes,10,Dungeon Completes
10 The Third Dimension,10 3D Completes,5,Dungeon Completes
25 The Third Dimension,25 3D Completes,10,Dungeon Completes
10 Tomb of the Ancient,10 Tomb Completes,5,Dungeon Completes
25 Tomb of the Ancient,25 Tomb Completes,10,Dungeon Completes
10 Sulfurous Wetlands,10 Wetlands Completes,5,Dungeon Completes
25 Sulfurous Wetlands,25 Wetlands Completes,10,Dungeon Completes
10 Hidden Interregnums,10 Interregnum Completes,5,Dungeon Completes
25 Hidden Interregnums,25 Interregnum Completes,10,Dungeon Completes
10 Battle for the Nexus,10 Battle Nexus Completes,5,Dungeon Completes
25 Battle for the Nexus,25 Battle Nexus Completes,10,Dungeon Completes
5 Beachzones,5 Beachzone Completes,5,Dungeon Completes
10 Forax,10 Forax Completes,5,Dungeon Completes
25 Forax,25 Forax Completes,10,Dungeon Completes
10 Katalund,10 Katalund Completes,5,Dungeon Completes
25 Katalund,25 Katalund Completes,10,Dungeon Completes
10 Untaris,10 Untaris Completes,5,Dungeon Completes
25 Untaris,25 Untaris Completes,10,Dungeon Completes
10 Malogia,10 Malogia Completes,5,Dungeon Completes
25 Malogia,25 Malogia Completes,10,Dungeon Completes
5 Nests,5 Nest Completes,5,Dungeon Completes
15 Nests,15 Nest Completes,10,Dungeon Completes
30 Nests,30 Nest Completes,15,Dungeon Completes
50 Nests,50 Nest Completes,20,Dungeon Completes
75 Nests,75 Nest Completes,25,Dungeon Completes
5 Shatters,5 Shatts Completes,5,Dungeon Completes
15 Shatters,15 Shatts Completes,10,Dungeon Completes
30 Shatters,30 Shatts Completes,15,Dungeon Completes
50 Shatters,50 Shatts Completes,20,Dungeon Completes
75 Shatters,75 Shatts Completes,25,Dungeon Completes
5 Lost Halls,5 Halls Completes,5,Dungeon Completes
15 Lost Halls,15 Halls Completes,10,Dungeon Completes
30 Lost Halls,30 Halls Completes,15,Dungeon Completes
50 Lost Halls,50 Halls Completes,20,Dungeon Completes
75 Lost Halls,75 Halls Completes,25,Dungeon Completes
5 Voids,5 Void Completes,5,Dungeon Completes
15 Voids,15 Void Completes,10,Dungeon Completes
30 Voids,30 Void Completes,15,Dungeon Completes
50 Voids,50 Void Completes,20,Dungeon Completes
75 Voids,75 Void Completes,25,Dungeon Completes
5 Cultist Hideout,5 Cult Completes,5,Dungeon Completes
15 Cultist Hideout,15 Cult Completes,10,Dungeon Completes
30 Cultist Hideout,30 Cult Completes,15,Dungeon Completes
50 Cultist Hideout,50 Cult Completes,20,Dungeon Completes
75 Cultist Hideout,75 Cult Completes,25,Dungeon Completes
25 Cursed Library,25 Lib Completes,5,Dungeon Completes
50 Cursed Library,50 Lib Completes,10,Dungeon Completes
5 Fungal Caverns,5 Fungal Completes,5,Dungeon Completes
15 Fungal Caverns,15 Fungal Completes,10,Dungeon Completes
30 Fungal Caverns,30 Fungal Completes,15,Dungeon Completes
50 Fungal Caverns,50 Fungal Completes,20,Dungeon Completes
75 Fungal Caverns,75 Fungal Completes,25,Dungeon Completes
5 Crystal Caverns,5 CC Completes,5,Dungeon Completes
15 Crystal Caverns,15 CC Completes,10,Dungeon Completes
30 Crystal Caverns,30 CC Completes,15,Dungeon Completes
50 Crystal Caverns,50 CC Completes,20,Dungeon Completes
75 Crystal Caverns,75 CC Completes,25,Dungeon Completes
5 Oryx Sanctuary,5 O3 Completes,10,Dungeon Completes
15 Oryx Sanctuary,15 O3 Completes,20,Dungeon Completes
30 Oryx Sanctuary,30 O3 Completes,30,Dungeon Completes
50 Oryx Sanctuary,50 O3 Completes,40,Dungeon Completes
75 Oryx Sanctuary,75 O3 Completes,50,Dungeon Completes
5 Kogbold Steamworks,,5,Dungeon Completes
15 Kogbold Steamworks,,10,Dungeon Completes
30 Kogbold Steamworks,,15,Dungeon Completes
50 Kogbold Steamworks,,20,Dungeon Completes
75 Kogbold Steamworks,,25,Dungeon Completes
5 Moonlight Village,,5,Dungeon Completes
15 Moonlight Village,,10,Dungeon Completes
30 Moonlight Village,,15,Dungeon Completes
50 Moonlight Village,,20,Dungeon Completes
75 Moonlight Village,,25,Dungeon Completes
5 Spectral Penitentiary,5 Spectral Completes,5,Dungeon Completes
15 Spectral Penitentiary,15 Spectral Completes,10,Dungeon Completes
30 Spectral Penitentiary,30 Spectral Completes,15,Dungeon Completes
50 Spectral Penitentiary,50 Spectral Completes,20,Dungeon Completes
75 Spectral Penitentiary,75 Spectral Completes,25,Dungeon Completes
Hard Mode Spectral Penitentiary,HM Spectral,15,Dungeon Completes
Hard Mode Moonlight Village (no Umi),HM MV,30,Dungeon Completes
Hard Mode Kitsune Umi,HM Umi,50,Dungeon Completes
Hard Mode Shatters,HM Shatts,50,Dungeon Completes
Advanced Steamworks,HM Steamworks,30,Dungeon Completes
Advanced Nest,HM Nest,20,Dungeon Completes
5 Ice Citadel Completes,5 Ice Citadels,5,Dungeon Completes
15 Ice Citadel Completes,15 Ice Citadels,10,Dungeon Completes
30 Ice Citadel Completes,30 Ice Citadels,15,Dungeon Completes
50 Ice Citadel Completes,50 Ice Citadels,20,Dungeon Completes
75 Ice Citadel Completes,75 Ice Citadels,25,Dungeon Completes
10 Infernal Abyss of Demons,10 Infernal Abyss Completes,5,Dungeon Completes
25 Infernal Abyss of Demons,25 Infernal Abyss Completes,10,Dungeon Completes
10 Heroic Undead Lair,10 Heroic Undead Lair Completes,5,Dungeon Completes
25 Heroic Undead Lair,25 Heroic Undead Lair Completes,10,Dungeon Completes
Gatling Shots Engraving,Gatling Shots,10,Engraving
Iron Plating Engraving,Iron Plating,10,Engraving
Heavy Hitter Engraving,Heavy Hitter,10,Engraving
Kogbold Spirit Engraving,Kogbold Spirit,10,Engraving
Buzzing Bullets Engraving,Buzzing Bullets,10,Engraving
Living Hive Engraving,Living Hive,10,Engraving
Might of the Bumblebees Engraving,Might of the Bumblebees,10,Engraving
Naughty Engraving,,10,Engraving
Nice Engraving,,10,Engraving
Warm and Cozy Engraving,Warm and Cozy,10,Engraving
Polar Explorer Engraving,Polar Explorer,10,Engraving
Soul Collector Engraving,Soul Collector,10,Engraving
Ice Rush Engraving,,10,Engraving
Frozen Blast Engraving,,10,Engraving
Snowstorm Engraving,,10,Engraving
Cool Protection Engraving,,10,Engraving
2/8 Bonus,,2,Fame Bonus
4/8 Bonus,,4,Fame Bonus
6/8 Bonus,,6,Fame Bonus
8/8 Bonus,,8,Fame Bonus
1000 Alive Fame,,10,Fame Bonus
2000 Alive Fame,,15,Fame Bonus
5000 Alive Fame,,15,Fame Bonus
10000 Alive Fame,,15,Fame Bonus
15000 Alive Fame,,15,Fame Bonus
20000 Alive Fame,,15,Fame Bonus
25000 Alive Fame,,15,Fame Bonus
30000 Alive Fame,,15,Fame Bonus
35000 Alive Fame,,15,Fame Bonus
40000 Alive Fame,,15,Fame Bonus
45000 Alive Fame,,15,Fame Bonus
50000 Alive Fame,,15,Fame Bonus
55000 Alive Fame,,15,Fame Bonus
60000 Alive Fame,,15,Fame Bonus
65000 Alive Fame,,15,Fame Bonus
70000 Alive Fame,,15,Fame Bonus
75000 Alive Fame,,15,Fame Bonus
80000 Alive Fame,,15,Fame Bonus
85000 Alive Fame,,15,Fame Bonus
90000 Alive Fame,,15,Fame Bonus
95000 Alive Fame,,15,Fame Bonus
100000 Alive Fame,,15,Fame Bonus
Fame Bonus Traveler,FB Traveler,5,Fame Bonus
Fame Bonus Mapper,FB Mapper,10,Fame Bonus
Fame Bonus Explorer,FB Explorer,12,Fame Bonus
Fame Bonus Cartographer,FB Cartographer,15,Fame Bonus
Fame Bonus Map Maker,FB Map Maker,20,Fame Bonus
Fame Bonus Tunnel Rat,FB Tunnel Rat,10,Fame Bonus
Fame Bonus Explosive Journey,FB Explosive Journey,10,Fame Bonus
Fame Bonus Travel of the Decade,FB Travel of the Decade,10,Fame Bonus
Fame Bonus First Steps,FB First Steps,5,Fame Bonus
Fame Bonus King of the Mountains,FB King of the Mountains,10,Fame Bonus
Fame Bonus Conqueror of the Realm,FB Conqueror of the Realm,20,Fame Bonus
Fame Bonus Enemy of the Court,FB Enemy of the Court,10,Fame Bonus
Fame Bonus Epic Battles,FB Epic Battles,15,Fame Bonus
Fame Bonus Far Out,FB Far Out,10,Fame Bonus
Fame Bonus Hero of the Nexus,FB Hero of the Nexus,20,Fame Bonus
Barnacle Basher,,35,Flail
Divine Flail,t13 flail,10,Flail
Gravelord's Flail,t14 flail,15,Flail
Gilded Chain Scythe,,15,Flail
Hero's Flail,Hero Flail,10,Flail
Fury Flail,,10,Flail
Damnation,,20,Flail
Spooky Smasher,,35,Flail
Egg Basher,,5,Flail
Shiny Barnacle Basher,,40,Flail
Shiny Damnation,,25,Flail
Mercy's Bane,Mercy,15,Heavy Armor
Dominion Armor,Dominion,10,Heavy Armor
Candy-Coated Armor,CC Armor,10,Heavy Armor
Fire Dragon Battle Armor,,15,Heavy Armor
Resurrected Warrior's Armor,Resu,15,Heavy Armor
Breastplate of New Life,Bplate,25,Heavy Armor
Fairy Plate,Fplate,10,Heavy Armor
Zaarvox's Heart,Zaavoxs Heart,10,Heavy Armor
Kamishimo,,15,Heavy Armor
Heavy Protective Matrix,Heavy Matrix,15,Heavy Armor
Fungal Breastplate,,13,Heavy Armor
Aegis Armor,Oryx Heavy Armor,10,Heavy Armor
Naval Uniform,Davy Armor,5,Heavy Armor
Cheater Heavy Armor,,4,Heavy Armor
Reinforced Root Armor,Root Armor,10,Heavy Armor
Annihilation Armor,T14 Heavy,10,Heavy Armor
Gladiator Guard,Glad Guard,30,Heavy Armor
Chainmail Body Armor,,5,Heavy Armor
Vortex Plating,,10,Heavy Armor
Heavy Construction Vest,,5,Heavy Armor
Royal Guard's Cuirass,Royal Guards Cuirass,25,Heavy Armor
Barrier Reef,,10,Heavy Armor
Heavy Syndicate Attire,,15,Heavy Armor
Flame Guard,,10,Heavy Armor
Overalls of Endurance,,10,Heavy Armor
Warped Mantle,,10,Heavy Armor
Sage's Wakibiki,Moonlight Heavy,25,Heavy Armor
Aspirant's Plate,Aspirant Plate,15,Heavy Armor
Cask Corslet,Tavern Armor,15,Heavy Armor
Shiny Candy-Coated Armor,Shiny Candy armor,15,Heavy Armor
Shiny Gladiator Guard,Shiny Glad Guard,35,Heavy Armor
Cyclone Chestplate,,10,Heavy Armor
Shiny Resurrected Warrior's Armor,Shiny Resu,20,Heavy Armor
Eggre Battle Armor,,15,Heavy Armor
Ragetorn Armor,,10,Heavy Armor
Tormentor's Chainmail,Tormentors Chainmail,10,Heavy Armor
Boundless Vessel,,20,Heavy Armor
Platinum Segmentata,,15,Heavy Armor
Big Bad Fursuit,,15,Heavy Armor
Shiny Heavy Syndicate Attire,,20,Heavy Armor
Shiny Fire Dragon Battle Armor,,20,Heavy Armor
Shiny Warped Mantle,,15,Heavy Armor
Cuirass of the Black Blade,,15,Heavy Armor
Shiny Cask Corslet,,20,Heavy Armor
Fudgeclad Armor,,15,Heavy Armor
Hardened Carrot Armor,,10,Heavy Armor
Shiny Fungal Breastplate,,18,Heavy Armor
Shiny Royal Guard's Cuirass,,30,Heavy Armor
Berserker's Breastplate,,10,Heavy Armor
Retainer's Battlesuit,,10,Heavy Armor
Shiny Breastplate of New Life,Shiny Bplate,30,Heavy Armor
Hull of the Tundra,,10,Heavy Armor
Hivemaster Helm,Bee Helm,25,Helm
Helm of the Juggernaut,Jugg,35,Helm
Helm of Draconic Dominance,Dragonhelm,15,Helm
Tricorne of the High Seas,DDock Helm,10,Helm
Challenger Helm,April Fools Helm,5,Helm
Helm of Exalted Might,oryx helm,15,Helm
Helm of the Tribune,T7 Helm,10,Helm
Amber Encrusted Helmet,Ruins Helmet,1,Helm
Vanguard's Visage,Vanguards Visage,25,Helm
Burlap Cowl,,10,Helm
Shiny Hivemaster Helm,Shiny Bee Helm,30,Helm
Tipsy Topper,Tavern Helm,15,Helm
Shiny Helm of the Juggernaut,Shiny Jugg,40,Helm
Shiny Amber Encrusted Helmet,,5,Helm
Helm of the Jack-o-naut,Pumpkin Jugg,35,Helm
Beastly Mane,,5,Helm
Shiny Vanguard's Visage,Shiny Vanguards Visage,30,Helm
Helm of the Swift Bunny,,15,Helm
Bubblegum Bucket,,20,Helm
Adamantine Helm,,10,Helm
Sadamune,T13 Katana,10,Katana
Ray Katana,,30,Katana
Celestial Blade,Sullen Blade,20,Katana
Doku No Ken,Doku,15,Katana
Void Blade,,10,Katana
Kazekiri,,15,Katana
Reikoku,,15,Katana
Krathana,,20,Katana
Arbiters Wrath,,10,Katana
Fire Blade,,15,Katana
Moonbeam Blade,,15,Katana
Blade of Ages,,7,Katana
Blade of the Assailant,Oryx Katana,10,Katana
Quartz Cutter,Crystal Katana,15,Katana
Kiritsukeru,,10,Katana
Kusanagi,T14 Katana,15,Katana
Enforcer,,30,Katana
Candy Katana,,5,Katana
Valor,,25,Katana
Useless Katana,,7,Katana
Katana of Good Fortune,,5,Katana
Saif of the Deep,,10,Katana
Arashi,,20,Katana
Tsunami,,10,Katana
Fiery Katana,,10,Katana
Shakujo,,10,Katana
Socket Blade,Enhanced Void Blade,20,Katana
Shiny Enforcer,,30,Katana
Shiny Kendo Stick,Shiny Kendo,100,Katana
Hero's Katana,Hero Katana,10,Katana
Aspirant's Blade,Aspirant Blade,15,Katana
Shiny Jewel Eye Katana,Shiny t9 Katana,50,Katana
Shiny Doku No Ken,Shiny Doku,20,Katana
Shiny Void Blade,,15,Katana
Bloodbath Blade,,25,Katana
Shiny Ray Katana,,35,Katana
Shining Blade,,10,Katana
Legions Odachi,,10,Katana
Thunder Mallet,,15,Katana
Shiny Candy Katana,,10,Katana
Shiny Fire Blade,,20,Katana
Shiny Celestial Blade,,25,Katana
Shiny Valor,,30,Katana
Kyuuketsuki Hitogoroshi,,10,Katana
Shiny Socket Blade,Enhanced Void Blade,25,Katana
Iceborn Arsenal,,10,Katana
Winter's Dire Kiss,,25,Katana
Leaf Dragon Hide Armor,Leaf Hide,20,Leather Armor
Harlequin Armor,Harlie,15,Leather Armor
Spectral Cloth Armor,Spectral,15,Leather Armor
Blue Beehemoth Armor,Blue Bee Armor,20,Leather Armor
Red Beehemoth Armor,Red Bee Armor,20,Leather Armor
Yellow Beehemoth Armor,Yellow Bee Armor,20,Leather Armor
Green Beehemoth Armor,Green Bee Armor,20,Leather Armor
Coral Silk Armor,CSilk,13,Leather Armor
Armor of Nil,Nil,30,Leather Armor
Mantle of Skuld,,10,Leather Armor
Apiary Armor,,20,Leather Armor
Golem Garments,Garments,20,Leather Armor
Rags of the Host,,20,Leather Armor
Hirejou Tenne,,15,Leather Armor
Wyrmhide Armor,Wyrmhide,15,Leather Armor
Wraith's Brigandine,Wraiths Brigandine,25,Leather Armor
Hydra Skin Armor,Hydra,5,Leather Armor
Fitted Protective Matrix,Fitted Matrix,20,Leather Armor
Luxurious Leather,,12,Leather Armor
Squadron Sheathing,Oryx Hide Armor,20,Leather Armor
Acidic Armor,Snake ST Armor,10,Leather Armor
Hollyhock Hide,Woodland Hide,15,Leather Armor
Greaterhosen,Beer Armor,30,Leather Armor
Luminous Armor,Crystal Armor,20,Leather Armor
Cheater light Armor,,8,Leather Armor
Cupid's Garments,,10,Leather Armor
Frost Drake Hide Armor,Hydra reskin,5,Leather Armor
Leviathan Armor,T14 Leather,20,Leather Armor
Turncoat Cape,,30,Leather Armor
Centaur's Shielding,Centaurs Shielding,35,Leather Armor
Ornate Armor,,10,Leather Armor
Hallowed Hide,,20,Leather Armor
Snakeskin Armor,,3,Leather Armor
Seraphim's Guard,Seraphims Guard,15,Leather Armor
Shadowbeast Hide,,10,Leather Armor
Fitted Construction Vest,,15,Leather Armor
Vest of Abandoned Shadows,,35,Leather Armor
Light Syndicate Attire,,20,Leather Armor
Pirate Queen's Brigandine,Pirate Queens Brigandine,5,Leather Armor
Alchemist's Disheveled Garbs,,15,Leather Armor
Wedding Dress,,15,Leather Armor
Divination Cloak,,15,Leather Armor
Ethereal Happi,Moonlight Leather,35,Leather Armor
Aspirant's Hide,Aspirant Hide,20,Leather Armor
Tinkerers Apron,,25,Leather Armor
Shiny Turncoat Cape,Shiny Turncoat,35,Leather Armor
Shiny Centaur's Shielding,Shiny Centaur,40,Leather Armor
Gravetender's Vest,,15,Leather Armor
Shiny Coral Silk Armor,Shiny CSilk,18,Leather Armor
Torso Tunic,,25,Leather Armor
Metal-plated Corset,,10,Leather Armor
Withered Poncho,,20,Leather Armor
Shiny Harlequin Armor,Shiny Harlie,20,Leather Armor
Cackling Straitjacket,,30,Leather Armor
Haori of the Wind,,20,Leather Armor
Bachelor's Tuxedo,Bachelors Tuxedo,20,Leather Armor
Shiny Light Syndicate Attire,,25,Leather Armor
Daopao,,15,Leather Armor
Shiny Greaterhosen,,35,Leather Armor
Shiny Vest of Abandoned Shadows,,40,Leather Armor
Eggshell Carapace,,20,Leather Armor
Painted Eggshell Armor,,10,Leather Armor
Shiny Leaf Dragon Hide Armor,,25,Leather Armor
Shiny Snakeskin Armor,,8,Leather Armor
Longbow of the Morning Spirit,t13 longbow,10,Longbow
Longbow of Midnight Diamond,t14 longbow,15,Longbow
Hama Yumi,,35,Longbow
Frangible Longbow,,15,Longbow
Hero's Longbow,Hero Longbow,10,Longbow
Experimental Cannon,,10,Longbow
Longbow of Spirits and Shadows,,35,Longbow
Shard Launcher,,5,Longbow
Snake Charmer Pungi,Snake Lute,10,Lute
Wavecrest Concertina,Parrot,10,Lute
Pharaoh's Requiem,Pharaohs Requiem,10,Lute
Oryxmas Carol,t6 reskin lute,0,Lute
Chief's War Horn,oryx lute,15,Lute
Nebular Lute,T7 Lute,10,Lute
Angel's Fanfare,Angels Fanfare,10,Lute
Noble Mandolin,,25,Lute
Thundering Chorus,,13,Lute
Lullaby,April Fools Lute,5,Lute
Taiko Drums,Moonlight Lute,25,Lute
Shiny Wavecrest Concertina,Shiny Parrot,15,Lute
Joker Timbrel,,10,Lute
Shiny Snake Charmer Pungi,Shiny Snake Lute,15,Lute
Motivational Megaphone,,15,Lute
Inferno Pick,,10,Lute
Shiny Motivational Megaphone,,20,Lute
Shiny Pharaoh's Requiem,,15,Lute
Shiny Noble Mandolin,,30,Lute
B.O.O.M.,,10,Mace
Grandmaster Mace,T7 Mace,10,Mace
Recursion Mace,,5,Mace
Mace of the Celestial Forest,,5,Mace
Crystal Mace,,15,Mace
Mace of the Depths,,10,Mace
Hivemind Mace,,15,Mace
Mechanical Mace,,15,Mace
Incubation Mace,,25,Mace
Peacekeeper,,25,Mace
Stonemould Mace,,13,Mace
Shiny Crystal Mace,,20,Mace
Dragon Mace,,15,Mace
Ghastly Mace,,10,Mace
Mace of the Pumpkin Effigy,,25,Mace
Shiny Peacekeeper,,30,Mace
Shiny Mace of the Depths,,15,Mace
Shiny Incubation Mace,,30,Mace
Chocolate Egg Mace,,13,Mace
Shiny Mace of the Celestial Forest,,10,Mace
Backpack Drop,,20,Miscellaneous
Adventurer's Belt,Adventurers Belt,15,Miscellaneous
Kogbold Enhancement Core,Enhancement Core,10,Miscellaneous
Concentrated Soul Fire,Moonlight flame,15,Miscellaneous
Backpack Extender Drop,,20,Miscellaneous
Vial of Soul Extract,,10,Miscellaneous
Shiny Kogbold Enhancement Core,,15,Miscellaneous
Oryxmas Magic Red,,10,Miscellaneous
Cozy Collection Chest,,8,Miscellaneous
Oryxmas Magic Blue,,10,Miscellaneous
Oryxmas Magic Green,,10,Miscellaneous
Easter Paladin ST Chest,,8,Miscellaneous
Easter Archer ST Chest,,8,Miscellaneous
Easter Summoner ST Chest,,8,Miscellaneous
Legion of Oryx Collection Chest,,10,Miscellaneous
Shiny Vial of Soul Extract,,15,Miscellaneous
Morning Star of Repentance,t12 morning star,5,Morning Star
Morning Star of Conjuration,t13 morning star,20,Morning Star
Morning Star of Reckoning,t14 morning star,25,Morning Star
Beekeeper's Flamethrower,Flamethrower,30,Morning Star
Obsidian Macuahuitl,,20,Morning Star
Shiny Beekeeper's Flamethrower,Shiny Flamethrower,40,Morning Star
Morning Star of the Hero,Hero Morning Star,20,Morning Star
The North Star,,5,Morning Star
Chocolate Ovipositor,,15,Morning Star
Orb of Aether,Aether,15,Orb
Enchantment Orb,,10,Orb
Orb of Conflict,Conflict,35,Orb
Soul of the Bearer,,15,Orb
Scorchium Stone,Aby Orb,10,Orb
Karma Orb,April Fools Orb,5,Orb
Orb of Conquest,oryx orb,15,Orb
Dimensiongate Orb,T7 Orb,10,Orb
Orb of Sweet Demise,Honey Orb,2,Orb
Primal Arcana,,25,Orb
Shiny Primal Arcana,Shiny Arcana,30,Orb
Cosmic Astrolabe,,10,Orb
Orb of Terror,Halloween Conflict,35,Orb
Orb of the Sabbath,,15,Orb
Shiny Enchantment Orb,,15,Orb
Forbidden Artifact,,20,Orb
Command Cornea,,15,Orb
Shiny Orb of Aether,,20,Orb
Shiny Orb of Sweet Demise,,7,Orb
Vision of Draconis,,20,Orb
Shiny Vision of Draconis,,25,Orb
Rare Pet Egg Drop,Rare Pet Egg,5,Pet Egg
Legendary Pet Egg Drop,Legendary Pet Egg,20,Pet Egg
Sprite Star Egg,,5,Pet Egg
Lil' Ghost Egg,,5,Pet Egg
Werewolf Cub Egg,,5,Pet Egg
Peppermint Snail Egg,,5,Pet Egg
Spirit Egg,,5,Pet Egg
Demon Frog Egg,,5,Pet Egg
Bat Egg,,5,Pet Egg
Sea Slurp Egg,,5,Pet Egg
Robobuddy Egg,,5,Pet Egg
Bee Egg,,5,Pet Egg
Turtle Egg,,5,Pet Egg
Murky Toxin,Murky,15,Poison
Plague Poison,Plague,20,Poison
Bottled Medusozoan,Reef Poison,15,Poison
Parasitic Concoction,Parasite Poison,15,Poison
Crystallised Fang's Venom,Crystallised Fang Venom,35,Poison
Virulent Venom,Sew Venom,10,Poison
Mighty Stein,Beer Poison,20,Poison
Lightning in a Bottle,April Fools Poison,5,Poison
Tyrant's Toxin,oryx poison,15,Poison
Necrofish Poison,T7 Poison,10,Poison
Polarity Poison,,25,Poison
Rusted Barrel,,20,Poison
Makeshift Blowpipe,,10,Poison
Shiny Plague Poison,Shiny Plague,25,Poison
Shiny Polarity Poison,Shiny Polarity,30,Poison
Pollen Incendiary,,25,Poison
Cursed Canopic Jar,,15,Poison
Pandemic Poison,,15,Poison
Shiny Murky Toxin,,20,Poison
Shiny Mighty Stein,,25,Poison
Shiny Bottled Medusozoan,,20,Poison
Spirit's Bane,,10,Poison
Prism of Dancing Swords,,10,Prism
Prism of Dire Instability,,15,Prism
Brain of the Golem,Brain,15,Prism
Ghostly Prism,,10,Prism
Echoes Prism,Echos Prism,15,Prism
Fool's Prism,April Fools Prism,5,Prism
Prismimic,,10,Prism
Prism of Shattered Light,oryx prism,15,Prism
Prism of Reveries,T7 Prism,10,Prism
Gambler's Fate,Coin Prism,20,Prism
Daevite Progenitor,,10,Prism
Heart of Gold Prism,Heart of Gold,10,Prism
Accursed Memory,,10,Prism
Pumpkin Prism,,15,Prism
Shiny Prism of Dire Instability,,20,Prism
Corsair's Crown Jewel,Corsairs Crown Jewel,20,Prism
Shiny Prism of Dancing Swords,,15,Prism
Shiny Ghostly Prism,,15,Prism
Shiny Gambler's Fate,,25,Prism
Ase's Echo,,10,Prism
Red Beehemoth Quiver,Red Bee Quiver,35,Quiver
Blue Beehemoth Quiver,Blue Bee Quiver,35,Quiver
Yellow Beehemoth Quiver,Yellow Bee Quiver,35,Quiver
Green Beehemoth Quiver,Green Bee Quiver,35,Quiver
Quiver of Thunder,QoT,35,Quiver
Quiver of Shadows,Void Quiver,25,Quiver
Quiver of Shrieking Specters,ST Quiver,10,Quiver
Quintessential Quiver,,8,Quiver
Archerang,April Fools Quiver,5,Quiver
Quiver of Dazing Love,,10,Quiver
Mad Javelin,oryx quiver,15,Quiver
Quiver of the Autumn King,T7 Quiver,10,Quiver
Q.U.I.V.E.R.,,7,Quiver
Embellished Quiver,,5,Quiver
Cocoon Quiver,,1,Quiver
Huntsman's Volley,Huntsmans Volley,20,Quiver
Freezing Quiver,,15,Quiver
Sentry Turret,,10,Quiver
Double Vision Darts,Tavern Quiver,15,Quiver
Shiny Double Vision Darts,Shiny Tavern Quiver,20,Quiver
Shiny Quiver of Shadows,,30,Quiver
Spinal Quiver,,10,Quiver
Brine Quiver,,20,Quiver
Sinister Syringes,,15,Quiver
Shiny Q.U.I.V.E.R.,,12,Quiver
Fresh Breeze Quiver,,5,Quiver
Shiny Cocoon Quiver,,6,Quiver
Shiny Blue Beehemoth Quiver,Blue Bee Quiver,40,Quiver
Shiny Quiver of Thunder,,40,Quiver
Bloodstone Ring,,10,Ring
Ring of Unbound Health,UBHP,10,Ring
Ring of Unbound Attack,UBATT,10,Ring
Ring of Unbound Dexterity,UBDEX,10,Ring
Ring of Unbound Defense,UBDEF,10,Ring
Ring of Unbound Speed,UBSPD,10,Ring
Ring of Unbound Vitality,UBVIT,10,Ring
Ring of Unbound Wisdom,UBWIS,10,Ring
Ring of Unbound Magic,UBMP,10,Ring
Candy Ring,Cring,5,Ring
Experimental Ring,Expo,6,Ring
Bracer of the Guardian,Bracer,20,Ring
The Twilight Gemstone,Gem,27,Ring
The Forgotten Crown,Crown,30,Ring
Ring of the Sphinx,Sphinx,10,Ring
Ring of the Nile,Nile,13,Ring
Ring of the Pyramid,Pyra,18,Ring
Bloodshed Ring,Cult Ring,20,Ring
Magical Lodestone,Potato,22,Ring
Sourcestone,Source,25,Ring
Omnipotence Ring,Omni,40,Ring
Ring of Pure Wishes,Pure Wishes,5,Ring
Geb's Ring of Wisdom,Geb Ring,6,Ring
Spectral Ring of Horrors,,6,Ring
Defiled Equilibrium,,6,Ring
Ring of the Covetous Heart,,6,Ring
Amulet of Drakefyre,Drakefyre Amulet,10,Ring
Honey Circlet,,7,Ring
Rusty Cuffs,Cuffs,8,Ring
Interregnum,,9,Ring
Horrific Claws,,15,Ring
Hivemind Circlet,,5,Ring
Akuma's Tear,Akumas Tear,6,Ring
Heavenly Magatama,,10,Ring
Revenant Ring,,6,Ring
Alien Core: Power,Power Core,20,Ring
Alien Core: Corrosion,Corrosion Core,20,Ring
Alien Core: Warp,Warp Core,20,Ring
Alien Core: Dark Matter,Dark Matter Core,20,Ring
Ring of Decades,Deca,32,Ring
Locked Reactor,Reactor,32,Ring
Crystallised Mist,,20,Ring
Amulet of Dispersion,Dispersion Amulet,3,Ring
Regal Ring,,6,Ring
Pernicious Peridot,Snake ST Ring,10,Ring
Esben's Wedding Ring,Esben Ring,20,Ring
First Mate's Hook,PCave Ring,1,Ring
Chrysanthemum Corsage,Woodland Ring,8,Ring
Radiant Heart,Crystal Ring,10,Ring
Ring of the Inferno,Red Demon Ring,10,Ring
Ring of Pagan Favor,Oryx Castle Ring,4,Ring
Omni-Impotence Ring,Omni Impotence Ring,5,Ring
Ring of Unbound Love,,10,Ring
Oryxmas Ornament: Energized,Blue Ornament,5,Ring
Oryxmas Ornament: Weak,Yellow Ornament,5,Ring
Oryxmas Ornament: Exposed,Red Ornament,5,Ring
Ornaments of Unity,christmas set ring,20,Ring
Imperial Keepsake,,7,Ring
Traveler's Trinket,Travelers Trinket,10,Ring
Performer's Hat,Performers Hat,12,Ring
Exalted God's Horn,O3 Horn,35,Ring
Divine Coronation,,22,Ring
Collector's Monocle,Monocle,25,Ring
Chancellor's Cranium,Cranium,25,Ring
Battalion Banner,,27,Ring
Mayhem Medallion,,20,Ring
Ring of Wrath,,20,Ring
Autarch Amulet,,15,Ring
E.Y.E.,,15,Ring
Aquamarine Amulet,,5,Ring
Ruthven's Rosary,Ruthvens Rosary,10,Ring
Corsair Ring,,2,Ring
Snake Eye Ring,,5,Ring
Heavenly Halo,,5,Ring
Crystal Key,,7,Ring
Cuband,,10,Ring
Gjallarhorn,,10,Ring
C.O.N.T.R.O.L.L.E.R.,,10,Ring
Eye of the Void,,8,Ring
Flames of Genesis,,10,Ring
Ember of Daeva,,15,Ring
Ember of the Void,,25,Ring
Antinomy Artifact,,10,Ring
Crystal Bone Ring,,1,Ring
Captain's Ring,Captain Ring,3,Ring
Spider's Eye Ring,Spider Eye Ring,3,Ring
Gem of Adoration,,15,Ring
Gem of Tenderness,,10,Ring
Soulful Affection,,5,Ring
Laborer's Hard Hat,Laborers Hard Hat,8,Ring
Operator's Hard Hat,Operators Hard Hat,15,Ring
Foreman's Hard Hat,Foremans Hard Hat,25,Ring
Fairy Ring,,1,Ring
Coral Ring,,3,Ring
The Forgotten Ring,,32,Ring
Chrysalis of Eternity,,50,Ring
Alexander's Band,Alexanders Band,10,Ring
Amulet of Elemental Fire,,5,Ring
Amulet of Elemental Earth,,5,Ring
Amulet of Elemental Air,,5,Ring
Amulet of Elemental Water,,5,Ring
Elemental Equilibrium,,20,Ring
Sunken Fire Opal Ring,,5,Ring
Fractured Hannya,,5,Ring
Faded Heart Scarab,,5,Ring
Steadfast Glyph,,10,Ring
Firelight Necklace,,10,Ring
Augur of the Tempest,,10,Ring
Plague Mask,,6,Ring
Headless Ted,,6,Ring
Protective Gloves,,6,Ring
Fang Necklace,,6,Ring
Soul Gem Amulet,,6,Ring
Gothic Bouffant,,6,Ring
Omamori,,6,Ring
Thistleleaf Necklace,,12,Ring
Overclocking Amulet,,30,Ring
Kagenohikari,Blue Lantern,50,Ring
Shiny The Twilight Gemstone,Shiny Gem,40,Ring
Amulet of Lightning,,10,Ring
Token of Warmth,,40,Ring
Token of Happiness,,40,Ring
Intermediate Fishing Rod,,3,Ring
Expert Fishing Rod,,5,Ring
Master Fishing Rod,,7,Ring
Legendary Fishing Rod,,10,Ring
Ice Crown,,30,Ring
Frimarra,,18,Ring
Enchanted Ice Shard,,10,Ring
Ring of the Northern Light,,13,Ring
Ring of the Stalwart,,5,Ring
Ring of the Swiftblade,,5,Ring
Ring of the Magus,,5,Ring
Ring of the Sniper,,5,Ring
Targeting Monocular,,6,Ring
Lucky Grenade,,6,Ring
Brewer's Bangle,Tavern Ring,15,Ring
Shiny Snake Eye Ring,Shiny Snake Ring,10,Ring
Shiny E.Y.E.,Shiny EYE,20,Ring
Diving Weights,,6,Ring
Eye of Divination,,6,Ring
Jewel of Vengeance,,6,Ring
Shiny Experimental Ring,Shiny Expo,12,Ring
Bracer of the Guardian (Rehearsal),Rehearsal Bracer,10,Ring
The Twilight Gemstone (Rehearsal),Rehearsal Gemstone,15,Ring
The Forgotten Crown (Rehearsal),Rehearsal Crown,20,Ring
Brass Knuckles,,6,Ring
Bolt in a Bottle,,10,Ring
Shiny Candy Ring,Shiny Cring,10,Ring
Collarbone Collar,,6,Ring
Tiara of Eggscellent Sturdiness,,10,Ring
Phantom Pendant,,6,Ring
Pontifex Ring,,4,Ring
Moonstone Ring,,1,Ring
Horned Ring,,5,Ring
Grim Goblet,,9,Ring
Vial of Sustenance,,8,Ring
Witch's Brooch,,6,Ring
Burlap Hat,,8,Ring
Devil Horn Headband,,12,Ring
Unresolved Grudge,,10,Ring
Adventurer's Scarf,Adventurers Scarf,30,Ring
Amulet of Superior Attack,,5,Ring
Amulet of Superior Defense,,5,Ring
Amulet of Superior Speed,,5,Ring
Amulet of Superior Vitality,,5,Ring
Amulet of Superior Wisdom,,5,Ring
Amulet of Superior Dexterity,,5,Ring
Shiny Ring of Decades,Shiny Deca,45,Ring
Shiny Master Fishing Rod,,15,Ring
Geb's Lost Hedjet,Gebs Lost Hedjet,15,Ring
Ring of Transcendent Health,,20,Ring
Ring of Transcendent Magic,,20,Ring
Ring of Transcendent Attack,,20,Ring
Ring of Transcendent Defense,,20,Ring
Ring of Transcendent Speed,,20,Ring
Ring of Transcendent Dexterity,,20,Ring
Ring of Transcendent Vitality,,20,Ring
Ring of Transcendent Wisdom,,20,Ring
Amulet of the Great Shaman,,10,Ring
Mask of Cnidaria,,10,Ring
Mask of Lightning,,10,Ring
Mask of Anubis,,10,Ring
Mask of Mucus,,10,Ring
Emblem of the Empire,,10,Ring
Ring of Skeletal Specters,,3,Ring
Amulet of Restoration,,25,Ring
Mala Beads,,10,Ring
Pointy Tail,,5,Ring
Shiny Crystal Bone Ring,,6,Ring
Shiny Ring of Skeletal Specters,,8,Ring
Crucible Melee Ring,,5,Ring
Crucible Magic Ring,,5,Ring
Crucible Archer Ring,,5,Ring
Crucible Tank Ring,,5,Ring
Shiny Collector's Monocle,,30,Ring
Shiny Battalion Banner,,32,Ring
Shiny Chancellor's Cranium,,30,Ring
Shiny Divine Coronation,,27,Ring
Shiny Exalted God's Horn,,40,Ring
Shiny Bracer of the Guardian,,25,Ring
Shiny The Forgotten Crown,,35,Ring
Painted Egg Amulet,,5,Ring
Chocolate Bunny Ears,,10,Ring
Sun Bathed Straw Hat,,8,Ring
Shiny Ring of the Pyramid,,23,Ring
Shiny Corsair Ring,,7,Ring
Shiny Spider's Eye Ring,,8,Ring
Shiny Ring of the Nile,,18,Ring
Shiny Amulet of Dispersion,,8,Ring
Shiny Brewer's Bangle,,20,Ring
Nightmatter Circlet,,20,Ring
Shiny Overclocking Amulet,,35,Ring
Legacy's Pendant,,10,Ring
Shiny Amulet of Restoration,,30,Ring
Shiny Thistleleaf Necklace,,17,Ring
Shiny Fairy Ring,,6,Ring
Shiny Ring of the Sphinx,,15,Ring
Shiny Ring of Divine Faith,,6,Ring
Frozen Heart,,10,Ring
Tlatoani's Shroud,Tlatoanis Shroud,20,Robe
Water Dragon Silk Robe,Water Silk,20,Robe
Robe of the Mad Scientist,Mad Robe,10,Robe
Ritual Robe,Cult Robe,20,Robe
Shendyt of Geb,Shendyt,10,Robe
Twilight Shroud,,10,Robe
Soulless Robe,Soulless,10,Robe
Toga Picta,Toga,15,Robe
Garment of the Beast,,15,Robe
Robe of the Star Mother,Star Mother,10,Robe
Magic Protective Matrix,Magic Matrix,15,Robe
Judge's Robe,Oryx Robe,10,Robe
Esben's Shaman Attire,Esben Robe,10,Robe
Molten Mantle,Aby Robe,10,Robe
Anointed Robe,Janus Robe,15,Robe
Cheater Robe,,4,Robe
Oceanic Apparel,,10,Robe
Magician's Robe,Magicians Robe,5,Robe
Robe of the Ancient Intellect,T14 Robe,10,Robe
Vesture of Duality,,30,Robe
Diplomatic Robe,,30,Robe
Chasuble of Holy Light,,1,Robe
Wings of Sanctity,,5,Robe
Polygonal Garbs,,10,Robe
A.R.M.O.R.,,5,Robe
Robe of the Tlatoani,,1,Robe
Magic Construction Vest,,5,Robe
Mantle of the Monarchy,,25,Robe
Woodland Robe,,1,Robe
Rocky Robe,,10,Robe
Wanderer's Cape,Wanderers Cape,0,Robe
Mystic Syndicate Attire,,15,Robe
Wind Dancer Robe,,10,Robe
Doctor's Overcoat,Doctors Overcoat,10,Robe
Ragged Robes,,10,Robe
Flowering Kimono,Moonlight Robe,25,Robe
Shiny Robe of the Mad Scientist,Shiny Madlab Robe,15,Robe
Shiny Water Dragon Silk Robe,Shiny Water Silk,25,Robe
Aspirant's Robes,Aspirant Robes,15,Robe
Blast Proof Robes,,10,Robe
Shiny Esben's Shaman Attire,Shiny Esbens Shaman Attire,15,Robe
Shiny Ritual Robe,,20,Robe
Shiny Diplomatic Robe,Shiny Diplo,35,Robe
Shiny Vesture of Duality,Shiny Vesture,35,Robe
Phosphorescent Rags,,10,Robe
Astronomer's Gown,,10,Robe
Thunderstorm Tunic,,10,Robe
Immortal Mantle,,10,Robe
Garb of the Ordained,,10,Robe
Executioner's Garb,Executioners Garb,15,Robe
Robe of the Enchantress,,10,Robe
Devilish Robes,,5,Robe
Lacerated Gown,,5,Robe
Wretched Rags,,20,Robe
Red Riding Dress,,15,Robe
Holy Order's Habit,Holy Orders Habit,15,Robe
Shiny Mystic Syndicate Attire,,20,Robe
Wings of the Fallen,,5,Robe
Carrotroot Vestments,,15,Robe
Chocolate Glazed Robe,,10,Robe
Shiny Robe of the Tlatoani,,6,Robe
Shiny Chasuble of Holy Light,Shiny Manor Robe,5,Robe
Shiny Tlatoani's Shroud,,25,Robe
Scepter of Fulmination,Fulmi,15,Scepter
Scepter of Devastation,,20,Scepter
Cnidaria Rod,Reef Scepter,15,Scepter
Grotesque Scepter,,20,Scepter
Honey Scepter Supreme,April Fools Scepter,5,Scepter
Siege Scepter,oryx scepter,15,Scepter
Lightshow Scepter,,10,Scepter
Scepter of the Firmament,T7 Scepter,10,Scepter
Honey Scepter,,2,Scepter
Storm Caller,,20,Scepter
Scepter of Rust,Steamworks Sceptre,20,Scepter
Tezutsu Hanabi,Moonlight Sceptre,25,Scepter
Shiny Scepter of Devastation,,25,Scepter
Shiny Cnidaria Rod,,20,Scepter
Totem Scepter,,10,Scepter
Lovesick Scepter,,10,Scepter
Parrot Skeleton Scepter,,20,Scepter
Shiny Scepter of Rust,,25,Scepter
Eggsponential Scepter,,15,Scepter
Shiny Scepter of Fulmination,,20,Scepter
Shiny Honey Scepter,,7,Scepter
Seal of Blasphemous Prayer,Oreo,35,Seal
Marble Seal,Mseal,20,Seal
Seal of the Enchanted Forest,Fairyseal,10,Seal
Scholar's Seal,SSeal,15,Seal
Seal of Eternal Life,April Fools Seal,5,Seal
Seal of the Battle God,oryx seal,15,Seal
Seal of Invocation,T7 Seal,10,Seal
Sandstone Seal,Ruins Seal,1,Seal
Seal of Cubic Conundra,,10,Seal
Abyssal Insignia,,15,Seal
Shiny Seal of Cubic Conundra,Shiny Cube Seal,15,Seal
Sacrilege Seal,,10,Seal
Doom's Emblem,Dooms Emblem,25,Seal
Shiny Seal of Blasphemous Prayer,Shiny Oreo,40,Seal
Shiny Scholar's Seal,,20,Seal
Carrot Cake Crest,,15,Seal
Shiny Marble Seal,,25,Seal
Shiny Sandstone Seal,Shiny Ruins Seal,5,Seal
Symbol of the Lost,,13,Seal
Spellbound Soulthief Set Token,,1,Set Token
Killbilly Warrior Set Token,,1,Set Token
Alchemist Assassin Set Token,,1,Set Token
Shaman Necromancer Set Token,,1,Set Token
Resurrected Huntress Set Token,,1,Set Token
Onmyoji Ninja Set Token,,1,Set Token
Kogbold Inventor Archer Set Token,,1,Set Token
Kogbold Pyrotechnician Wizard Set Token,,1,Set Token
Mad Minotaur Set Token,,1,Set Token
Storm Shaman Set Token,,1,Set Token
Astral Arcanist Set Token,,1,Set Token
Spellbound Soulthief Set Token,,1,Set Token
Undersea Phantom Wizard Set Token,,1,Set Token
Plague Doctor Priest Set Token,,1,Set Token
Sonic Wave Sheath,T7 Sheath,10,Sheath
Volcanic Sheath,,10,Sheath
Kaiken,,15,Sheath
Labyrinth Dweller's Sheath,Labyrinth Dwellers Sheath,20,Sheath
Quartermaster Scabbard,,10,Sheath
Irradiance Sheath,,13,Sheath
Loch Sheath,,13,Sheath
Pyro Sheath,,13,Sheath
Blitz Sheath,oryx sheath,15,Sheath
Paper Machete,April Fools Sheathe,5,Sheath
Elegant Parasol,Moonlight Sheathe,25,Sheath
Shiny Quartermaster Scabbard,,15,Sheath
Sheath of Thunderous Rites,,20,Sheath
Shiny Volcanic Sheath,,15,Sheath
An Ancient's Embrace,An Ancients Embrace,10,Sheath
Shiny Kaiken,,20,Sheath
Shiny Labyrinth Dweller's Sheath,,25,Sheath
S.H.E.A.T.H.,,7,Sheath
Shield of Flowing Clarity,,20,Shield
Shield of Ogmur,Ogmur,35,Shield
Spiteful Scutum,Scutum,20,Shield
Champion's Bastion,Champions Bastion,15,Shield
Snakeskin Shield,Snake Shield,1,Shield
Crystal Shield,CShield,15,Shield
Shield of Pogmur,April Fools Shield,5,Shield
Brutal Buckler,oryx shield,15,Shield
Shield of Orcish Regalia,T7 Shield,10,Shield
Oryx's Escutcheon,Oryxs Escutcheon,30,Shield
Sunken Buckler,,10,Shield
Kogbold Cower Shield,Steamworks Shield,20,Shield
Shiny Shield of Flowing Clarity,,25,Shield
Shockwave Shield,,10,Shield
Shiny Crystal Shield,Shiny CShield,20,Shield
Dragon Slayer,,20,Shield
Spriteful Shield,,10,Shield
Cavalry Lance,,25,Shield
Ship's Wheel Shield,,20,Shield
Shield of Jawgmur,,35,Shield
Shiny Spiteful Scutum,,25,Shield
Shiny Snakeskin Shield,,6,Shield
Shiny Oryx's Escutcheon,,35,Shield
Esoteric Buckler,Scutum Reskin,20,Shield
Toaster Pet Skin,Machine Pet Skin,10,Skin
Mini Crystal Steed,Crystal Pet Skin,10,Skin
Mini Sphinx,Sphinx Pet Skin,10,Skin
Nut's Artifact,Nut Pet Skin,10,Skin
Geb's Artifact,Geb Pet Skin,10,Skin
Bes' Artifact,Bes Pet Skin,10,Skin
Tomb Snake Egg,,5,Skin
Jaco Pet Skin,Jaco Pet Skin,5,Skin
Sprite Star Pet Skin,Sprite Star,5,Skin
Mini Flying Stheno Skin,Flying Stheno Skin,5,Skin
Spirit Pet Skin,,5,Skin
Demon Frog Pet Skin,Demon Frog,5,Skin
Sea Slurp Pet Skin,Sea Slurp,5,Skin
Killer Bee Queen Pet Stone,Bee Queen Pet Skin,10,Skin
Event Pet Skin,,10,Skin
Fountain Child Pet Skin,MWoods Pet Skin,5,Skin
Cultured Bookwyrm Pet Skin,Library Pet Skin,5,Skin
Horned Wyrm Pet Skin,Horned Wyrm,5,Skin
Werewolf Cub Pet Skin,Werewolf Cub Pet Skin,10,Skin
Mini Desire Troll Pet Skin,,5,Skin
Mini Lord Pet Skin,,5,Skin
Red-Nosed Friend Pet Skin,,5,Skin
Baby Basilisk,,5,Skin
Eggshell Spider Pet Skin,Eggshell Spider,5,Skin
King Rarthur Pet Skin,,5,Skin
Mini Marble Colossus Pet Skin,MBC Pet Skin,5,Skin
Mini White Demon,,5,Skin
Bee Pet Skin,,5,Skin
Black Hellhound Pet Skin,,5,Skin
Flying Eyeball Pet Skin,,5,Skin
Vicious Phantom Pet Skin,,5,Skin
Titanium Rex Pet Skin,,5,Skin
Possessed Staff Pet Skin,,5,Skin
Mini Nikao Pet Skin,,5,Skin
Leprechaun's Walking Hat Pet Skin,,5,Skin
Green Hat Bunny Pet Skin,,5,Skin
Mini Pot of Gold Pet Skin,,5,Skin
Lil' Thunderbringer Pet Skin,,5,Skin
Lil' Mister Backstage Pet Skin,,5,Skin
Lil' Deep Sea Diva Pet Skin,,5,Skin
Lil' Rad Raver Pet Skin,,5,Skin
Skelly Penguin Pet Skin,,5,Skin
Lil' Davy Pet Skin,Lil Davy Pet Skin,5,Skin
Carnivorous Plant Pet Skin,,5,Skin
Fiery Phylactery Pet Skin,,5,Skin
Shadow Stormbird Pet Skin,Shadow Stormbird,5,Skin
Ferret Pet Skin,,5,Skin
Sentinel Watchdog pet skin,Sentinel dog skin,5,Skin
Royal Void Cat pet skin,King cat,5,Skin
Mini Fire Warlock Wizard Skin,,10,Skin
Blizzard pet skin,htt pet,5,Skin
Scallywag Slurp pet skin,Pcave Pet,5,Skin
Sapling Buddy pet skin,Forest maze pet,5,Skin
TV Buddy Pet Skin,,5,Skin
Crystal Cobra pet skin,,5,Skin
Shroom Pet Skin,,5,Skin
Moon Bunny Pet Skin,,5,Skin
Vermillion dragon pet skin,,5,Skin
Time Travelling phonebox pet skin,,5,Skin
Mini void entity pet skin,,5,Skin
Malus pet skin,,5,Skin
Mini pegasus pet skin,,5,Skin
Swamped Panda,,5,Skin
Kogbold Maid Pet Skin,,5,Skin
Abyssal Crab Pet Skin,,5,Skin
Spectral Raven Pet Skin,,5,Skin
Mini Limon Pet Skin,,5,Skin
Lil' Keyper Pet Skin,,5,Skin
Mini Beer God Pet Skin,,5,Skin
Mystery Pet Skin,,5,Skin
Possessed Lantern Pet Skin,,5,Skin
Orange Flaming Pumpkin Pet Skin,,5,Skin
Perception of guill pet skin,,5,Skin
Mini Geb Skin,Mini Geb,10,Skin
Mini Nut Archer Skin,Mini Nut,10,Skin
Puppet Master Skin,,5,Skin
Jester Skin,,5,Skin
Woodland Huntress Skin,,10,Skin
Mini Stheno Skin,Stheno Skin,10,Skin
Jellyhead Trickster Skin,Reef Skin,10,Skin
Lil' Ghost,Lil Ghost Pet Skin,5,Skin
Slurp Knight Skin,Slurp Knight,10,Skin
Event Character Skin,,10,Skin
Mini Malus Sorcerer,,5,Skin
Hermit Wizard Skin,,5,Skin
Antlered Behemoth Wizard Skin,,15,Skin
Eligible Bachelor,Eligible Bachelor Rogue Skin,10,Skin
Sand Wanderer Trickster Skin,Sand Wanderer,10,Skin
Stone Knight,,5,Skin
Stone Warrior,,5,Skin
Stone Paladin,,5,Skin
Stone Assasin,,5,Skin
Stone Rogue,,5,Skin
Stone Trickster,,5,Skin
Stone Archer,,5,Skin
Stone Huntress,,5,Skin
Stone Mystic,,5,Skin
Stone Wizard,,5,Skin
Stone Necromancer,,5,Skin
Stone Ninja,,5,Skin
Stone Samurai,,5,Skin
Stone Priest,,5,Skin
Stone Sorcerer,,5,Skin
Stone Bard,,5,Skin
Stone Summoner,,5,Skin
Cheesecake Rogue,,10,Skin
Beefcake Rogue,,10,Skin
Glyph Researcher Trickster Skin,,10,Skin
Silent Samurai Skin,Silent Samurai,10,Skin
Fire Battlemaiden Wizard Skin,,10,Skin
Nameless sorcerer skin,,10,Skin
Infested Assasin Skin,,10,Skin
Miss Shamrock Wizard Skin,,10,Skin
Vampire Lord Skin,,10,Skin
Lady of Locks Ninja Skin,,10,Skin
Wise Swine Knight Skin,,10,Skin
Inari Sorcerer Skin,,10,Skin
Mini Royal Crossbowman Archer Skin,Shatts archer skin,10,Skin
Mushroom Girl rogue skin,,10,Skin
Wandering Spellcaster Bard Skin,,10,Skin
Shroom Warrior Skin,,10,Skin
Wanderer Samurai Skin,,10,Skin
Keyper paladin skin,,10,Skin
Dragon skull necromancer skin,,10,Skin
Mini Ivory Wyvern Trickster,,10,Skin
Hero Paladin skin,,10,Skin
Grand Enchantress Mystic skin,,10,Skin
Storm Archer Skin,,10,Skin
Nightstalker elf assasin skin,,10,Skin
Forsythia Chihuahua Sorcerer Skin,,10,Skin
Primula Greyhound Kensei Skin,,10,Skin
Plague Summoner Skin,,10,Skin
Bone Blade Ninja Skin,,10,Skin
Spectral Mystic Skin,,10,Skin
Beach Party Necromancer Skin,,10,Skin
Wicked Dragon Wizard Skin,,10,Skin
Mouse King Rogue Skin,,10,Skin
Lyrical Priestess Skin,,10,Skin
Heroic Knight Skin,,10,Skin
Flamingo Wizard skin,,10,Skin
Tavern Bard skin,,10,Skin
Night Elf Summoner Skin,,10,Skin
Stygian Figure Trickster Skin,,10,Skin
Nexus No Miko Huntress Skin,,10,Skin
Spellmaster Wizard Skin,,10,Skin
Blessed Blade Pet Skin,,5,Skin
Helping Huntress Skin,,10,Skin
Festival Enjoyer Bard Skin,,10,Skin
Tomb Snake Pet Skin,,5,Skin
Pharaoh Slurp Pet Skin,,5,Skin
Paramount Mystery Pet Skin,,5,Skin
Headless Rider Skin,,10,Skin
Infected Assassin Skin,,10,Skin
Little Prince Rogue Skin,,10,Skin
Bunny Trickster Skin,,10,Skin
Space Smuggler Rogue Skin,,10,Skin
Leprechaun Mystic Skin,,10,Skin
Bashing Bride Paladin Skin,,10,Skin
Jack-o-mancer Necromancer Skin,,10,Skin
Heartseeker Huntress Skin,,10,Skin
Sprout Slime Skin,,10,Skin
Sunflower Archer Skin,,10,Skin
Little Fox Pet Skin Skin,,10,Skin
Halloween Mystery Skin,,10,Skin
Vampire Hunter Skin,,10,Skin
Grey pal paladin skin,,10,Skin
Moonlight Elf Huntress skin,,10,Skin
Ethereal Princess Archer Skin,,10,Skin
Red nosed pet skin,,5,Skin
Evil mask spirit pet skin,,5,Skin
Chocolate Bunny Pet Skin,,5,Skin
Rabbit Hood Archer Skin,,10,Skin
Eggstravagant Egg Pet Skin,,5,Skin
Lil' Carrot Ninja Skin,,10,Skin
Bunny Magician Wizard Skin,,10,Skin
Snow Queen Skin,Snow Queen,10,Skin
Red Nisse Pet Skin,Red Nisse,5,Skin
Crystal Snow Deer Pet Skin,Snow Deer,10,Skin
Gingerbread Man Pet Skin,,5,Skin
Frost Prince Summoner Skin,Frost Prince,10,Skin
Jingle Bell Goat Pet Skin,,5,Skin
Green Nisse Pet Skin,Green Nisse,5,Skin
Blue Nisse Pet Skin,Blue Nisse,5,Skin
Skullish Remains of Esben,Esben Skull,10,Skull
Sealed Crystal Skull,Crystal Skull,20,Skull
Skull of Endless Torment,Shaitains Skull,25,Skull
Skull of Corrupted Souls,Cult Skull,25,Skull
Memento Mori,ST Skull,20,Skull
Epiphany Skull,April Fools Skull,5,Skull
Perennial Cranium,Bella Skull,10,Skull
Skull of Krampus,t6 reskin skull,0,Skull
Demon Lord's Skull,oryx skull,15,Skull
Mindwaster Skull,T7 Skull,10,Skull
Cubic Frame,,10,Skull
Cracked Crystal Skull,,1,Skull
Ritual Skull,,10,Skull
Brain Cube,Steamworks Skull,20,Skull
Shiny Skull of Corrupted Souls,Shiny Cult Skull,30,Skull
Shiny Skull of Endless Torment,,30,Skull
Hooded Skull,,20,Skull
Skull of Restless Souls,,25,Skull
Crossbones Skull,,20,Skull
Shiny Perennial Cranium,,15,Skull
Shiny Brain Cube,,25,Skull
Shiny Cracked Crystal Skull,,6,Skull
Maw of Malignance,,10,Skull
Solo Spectral Penitentiary,Solo Spectral,30,Solo Dungeon Completes
Solo Hard Mode Spectral Penitentiary,Solo HM Spectral,60,Solo Dungeon Completes
Solo Kogbold Steamworks,Solo Steamworks,30,Solo Dungeon Completes
Solo Moonlight Village (no Umi),Solo MV,20,Solo Dungeon Completes
Solo Kitsune Umi,Solo Umi,40,Solo Dungeon Completes
Solo MBC,,30,Solo Dungeon Completes
Solo Nest,,20,Solo Dungeon Completes
Solo Shatters,Solo Shatts,100,Solo Dungeon Completes
Solo Pirate Cave,Solo PCave,1,Solo Dungeon Completes
Solo Cultist Hideout (+ Lost Halls),Solo Cult,15,Solo Dungeon Completes
Solo Fungal + Crystal Cavern,Solo Fungal + Crystal,40,Solo Dungeon Completes
Solo Oryx Sanctuary,Solo Oryx 3,80,Solo Dungeon Completes
Solo Advanced Steamworks,Solo HM Steamworks,80,Solo Dungeon Completes
Solo Advanced Nest,Solo HM Nest,80,Solo Dungeon Completes
Penetrating Blast Spell,Thicket Spell,15,Spell
Tablet of the King's Avatar,Tablet,35,Spell
Recurring Terror Spell,Parasite Spell,15,Spell
Ancient Eminence,,10,Spell
Random Spell Extraction Device,,20,Spell
Jade Storm,,30,Spell
Sporous Spray Spell,Sporous Spell,15,Spell
Spelling Spell,April Fools Spell,5,Spell
Cursed Spire Spell,oryx spell,15,Spell
Slurpian Sea Scroll,sea scroll,10,Spell
Burning Retribution Spell,T7 Spell,10,Spell
Genesis Spell,,25,Spell
Shiny Penetrating Blast Spell,Shiny Thicket Spell,20,Spell
Unstable Firework,,10,Spell
Shiny Recurring Terror Spell,,20,Spell
Depth Charge,,10,Spell
Spectral Spell,,10,Spell
Runes of Knowledge,,25,Spell
X-Marks-the-Spot Spell,,20,Spell
Shiny Sporous Spray Spell,Shiny Sporous Spell,20,Spell
Cobra Serpentis Scroll,,15,Spell
Wandering Souls Spell,,10,Spell
Vitamine Buster,,15,Spell
Shiny Genesis Spell,,30,Spell
Shiny Jade Storm,,35,Spell
Esben's Vows,,10,Spell
Shiny Wandering Souls Spell,Shiny UDL Spell,15,Spell
Spellblade of the Heavens Light,t13 spellblade,10,Spellblade
Spellblade of the Everlasting Death,t14 spellblade,15,Spellblade
Crystallized Worm Spellblade,,20,Spellblade
Royal Sekhem,,15,Spellblade
Steam Pipe,Steamworks Spellblade,20,Spellblade
Hero's Spellblade,Hero Spellblade,10,Spellblade
Rocket Launcher,,10,Spellblade
Caramel Spellblade,,5,Spellblade
Shiny Steam Pipe,,25,Spellblade
Spirit Staff,,10,Staff
Staff of Extreme Prejudice,EP,10,Staff
Staff of Esben,Esben Staff,10,Staff
Tezcacoatl's Tail,Tescacoatls Tail,20,Staff
Staff of Unholy Sacrifice,Cult Staff,25,Staff
Corruption Tether,,10,Staff
The Phylactery,,10,Staff
Edictum Praetoris,,15,Staff
Staff of the Vital Unity,T13 Staff,10,Staff
KoalaPOW,,10,Staff
Comet of Calamity,,20,Staff
Foramite Staff,,10,Staff
K.I.D.D. Force,KIDD Force,10,Staff
Oppressor's Staff,Oryx Staff,10,Staff
Staff of Eruption,Shaitan Staff,10,Staff
Tideturner Trident,trident,5,Staff
Staff of the Fundamental Core,T14 Staff,15,Staff
Superior,,30,Staff
S.T.A.F.F.,,20,Staff
Sleigh Bell Staff,,5,Staff
Squaroid Staff,,5,Staff
Staff of the Crystal Serpent,,1,Staff
Staff of the Saint,,5,Staff
Barely Attuned Magic Thingy,,10,Staff
Shaman's Staff,,10,Staff
Bogwood Crook,,10,Staff
Mechanical Kogbold Limb,Enhanced Tail,30,Staff
Vigor,Enhanced Spirit Staff,25,Staff
Shiny Superior,,30,Staff
Hero's Staff,Hero Staff,10,Staff
Aspirant's Staff,Aspirant Staff,15,Staff
Shiny Staff of Extreme Prejudice,Shiny EP,15,Staff
Cursed Harpoon,,10,Staff
Nebular Rod,,10,Staff
Shiny Staff of the Crystal Serpent,,3,Staff
Supernatural Staff,,10,Staff
Gravekeeper's Scythe,Gravekeepers Scythe,15,Staff
Stygian Torch,,10,Staff
Shiny S.T.A.F.F.,,25,Staff
Torrential Staff,,25,Staff
Shiny Tezcacoatl's Tail,Shiny Tescacoatls Tail,25,Staff
Staff of the Eclipse,,10,Staff
Deathmask Staff,,10,Staff
Shiny Sleigh Bell Staff,,10,Staff
Shiny Foramite Staff,,15,Staff
Shiny Mechanical Kogbold Limb,,35,Staff
Shiny Bogwood Crook,,15,Staff
Anatis Staff,,5,Staff
Jailer's Scythe,,25,Staff
Shiny Jailer's Scythe,,30,Staff
Elder Heartwood Staff,,10,Staff
Frostfall Rod,,25,Staff
Kageboshi,,35,Star
Midnight Star,,20,Star
Daybreak Chakram,Jugg Star,20,Star
Star of Enlightenment,Enlightenment Star,15,Star
Crystalline Kunai,Crystal Star,15,Star
Unshuriken,April Fools Star,5,Star
Hanagasaku,Bella Star,10,Star
Rage Claws,oryx star,15,Star
Dynastic Star,T7 Star,10,Star
Ballistic Star,,15,Star
Spider Shuriken,,2,Star
Clover Star,,5,Star
Invocation Scroll,,10,Star
Shiny Star of Enlightenment,Shiny Enlightenment Star,30,Star
Shiny Spider Shuriken,,7,Star
Shiny Midnight Star,,25,Star
Storied Blades,,20,Star
Kagebooshi,,35,Star
Overwhelming Axehead,,15,Star
Enchanted Chisel,,20,Star
Shiny Ballistic Star,,20,Star
Combcutter Kunai,,15,Star
Igneous Starblossom,,10,Star
Defense Maxed,Def Max,7,Stats
Attack Maxed,Att Max,5,Stats
Dexterity Maxed,Dex Max,8,Stats
Vitality Maxed,Vit Max,5,Stats
Speed Maxed,Spd Max,6,Stats
Wisdom Maxed,Wis Max,9,Stats
Life Maxed,Life Max,15,Stats
Mana Maxed,Mana Max,12,Stats
Oryx's Greatsword,Oryxs Greatsword,15,Sword
Sword of Splendor,Splendor,10,Sword
Crystal Sword,Csword,10,Sword
Ancient Stone Sword,ASS,10,Sword
Demon Blade,Dblade,10,Sword
Pirate King's Cutlass,Cutlass,15,Sword
Sword of the Colossus,Colo Sword,20,Sword
Pixie-Enchanted Sword,Pixie,15,Sword
Indomptable,Indomptable,10,Sword
Doctor Swordsworth,,10,Sword
Silex's Hammer,Silexs Hammer,20,Sword
Acidic Slasher,,15,Sword
Gaseous Glaive,,10,Sword
MMace MMurderer,Mace Murderer,8,Sword
Keychain Cutlass,,35,Sword
Henchman's Claymore,Oryx Sword,10,Sword
Swashbuckler's Sickle,Davy Sword,5,Sword
Sword of Majesty,T14 Sword,15,Sword
Divinity,,30,Sword
Arcane Rapier,,8,Sword
Cheerful Chipper,,5,Sword
Dalvar's Battle Axe,Dalvars Battle Axe,5,Sword
Fallen One's Blade,Fallen Ones Blade,12,Sword
Sword Of The Rainbow's End,,5,Sword
Unstable Anomaly,,10,Sword
Jagged Hatchet,,10,Sword
Atavistic Soul Sabre,Enhanced ASS,20,Sword
Shiny Divinity,Shiny Div,30,Sword
Shiny Crystal Sword,Shiny Csword,15,Sword
Shiny Demon Blade,Shiny Dblade,15,Sword
Hero's Sword,Hero Sword,10,Sword
Aspirant's Sword,Aspirant Sword,15,Sword
Shiny Sword of the Colossus,Shiny Colo,25,Sword
Shiny Pirate King's Cutlass,Shiny Cutlass,20,Sword
Eternal Graved Great Sword,,10,Sword
Savage Claws,,5,Sword
Hellfire Broadsword,,15,Sword
Pirate's Artillery,Pirates Artillery,25,Sword
Shiny Ancient Stone Sword,Shiny ASS,15,Sword
Khopesh,,10,Sword
Faithful Spatha,,10,Sword
Shiny Cheerful Chipper,,10,Sword
Shiny Atavistic Soul Sabre,,25,Sword
Shiny Arcane Rapier,,13,Sword
Nutrient Rich Carrot Blade,,12,Sword
Apocalypse Feather,,5,Sword
Spectral Sword,,10,Sword
FFabulous FFlail,Fabulous Flail,8,Sword
Sword of Illumination,,10,Sword
Eternal Echo,,30,Sword
Shiny Spectral Sword,Shiny UDL Sword,15,Sword
Heartsteel Claymore,,5,Sword
Icebreaker Maul,,25,Sword
Sunset Tachi,t13 tachi,10,Sword
Godslayer Tachi,t14 tachi,15,Sword
Burial Blades,,20,Sword
Ritual Khopesh,,15,Sword
Brambletooth Tachi,,10,Sword
Hero's Tachi,Hero Tachi,10,Sword
Tools of the Tarnished,,20,Sword
Shiny Brambletooth Tachi,,15,Sword
Bunny Ear Tachi,,5,Sword
Shiny Burial Blades,,25,Sword
Shiny Tools of the Tarnished,,25,Sword
Tome of Purification,Puri,20,Tome
Tome of Pain,TPain,10,Tome
Tome of Holy Protection,Prot,15,Tome
Book of Geb,Geb Tome,10,Tome
Necronomicon,,10,Tome
Tome of Holy Furor,,20,Tome
Tome of the Mushroom Tribes,Mushroom Tome,15,Tome
Ceremonial Merlot,Merlot,15,Tome
ToMe of Moral Support,April Fools Tome,5,Tome
Tome of the Tarnished Gods,oryx tome,15,Tome
Tome of Hallowed Language,T7 Tome,10,Tome
Chaotic Scripture,,30,Tome
Bloodletting Leeches,,10,Tome
Shiny Tome of Purification,Shiny Puri,20,Tome
Shiny Tome of Holy Protection,Shiny Prot,20,Tome
Shiny Tome of the Mushroom Tribes,Shiny Mushroom Tome,20,Tome
Tome of the Dragon,,20,Tome
Tome of Exorcism,,20,Tome
Evolutionary Records,,25,Tome
Tome of Piracy,,20,Tome
Shiny Chaotic Scripture,,35,Tome
Botany Book,,20,Tome
Coral Venom Trap,Ctrap,15,Trap
Trap of the Vile Spirit,Vile Trap,35,Trap
Honeytomb Snare,,10,Trap
Cave Dweller Trap,Cave Trap,15,Trap
Lifebringing Lotus,MWoods Trap,10,Trap
Helium Trap,April Fools Trap,5,Trap
Mimicry Trap,,10,Trap
Blacklight Artifice,oryx trap,15,Trap
Depthchaser Trap,T7 Trap,10,Trap
Painbow,,5,Trap
Lightning Rod,,10,Trap
Sulfuric Stone,,10,Trap
Rain Maker,Moonlight Trap,25,Trap
Deadly Keg,,20,Trap
Trap of the Blood Spirit,Halloween Vile Trap,35,Trap
Consecrated Trap,,10,Trap
Shiny Deadly Keg,,30,Trap
Ocular Entrapment,,15,Trap
Shiny Ocular Entrapment,,20,Trap
Shiny Trap of the Vile Spirit,,40,Trap
Shiny Coral Venom Trap,,20,Trap
Mouse Trap,,7,Trap
Wakizashi of Eastern Winds,,20,Wakizashi
Wakizashi of Crossing Fires,,20,Wakizashi
Ryu's Blade,Ryus Blade,25,Wakizashi
Ronin's Wakizashi,Ronins Wakizashi,5,Wakizashi
Fractured Gemstone Wakizashi,Gemstone Waki,15,Wakizashi
NSFWakizashi,April Fools Wakizashi,5,Wakizashi
Amaterasu,oryx wakizashi,15,Wakizashi
Watarimono,,10,Wakizashi
Virtuous Wakizashi,T7 Waki,10,Wakizashi
Shadow Serpent Sidearm,,10,Wakizashi
Sentinel's Sidearm,Sentinels Sidearm,25,Wakizashi
Kogbold Multitool,Multitool,35,Wakizashi
Shiny Wakizashi of Eastern Winds,,25,Wakizashi
Shiny Sentinel's Sidearm,Shiny Sentinels Sidearm,30,Wakizashi
Shiny Kogbold Multitool,,40,Wakizashi
Shiny Fractured Gemstone Wakizashi,,20,Wakizashi
Sakura Wakizashi,,20,Wakizashi
Esben's Twisted Heart,,10,Wakizashi
Shiny Esben's Twisted Heart,,15,Wakizashi
Sublimation Sidearm,,13,Wakizashi
Shiny Ronin's Wakizashi,,10,Wakizashi
Wand of Evocation,T13 Wand,20,Wand
Conducting Wand,Conducting,15,Wand
Wand of the Fallen,Fallen Wand,25,Wand
Wand of the Bulwark,Bulwark,20,Wand
Abomination's Wrath,Abominations Wrath,25,Wand
Wand of Geb,Geb Wand,15,Wand
Crystal Wand,CWand,20,Wand
Wand of Recompense,Recomp,5,Wand
Spicy Wand of Spice,,15,Wand
Snowblind Wand,,25,Wand
Warlord Wand,,15,Wand
Caduceus of Current Craziness,,12,Wand
Tyrant's Wand,Oryx Wand,20,Wand
Soul's Guidance,Souls Guidance,15,Wand
Theurgy Wand,Guardian Wand,15,Wand
Winter's Breath Wand,Recomp reskin,5,Wand
Magic Wand,,15,Wand
Wand of Retribution,T14 Wand,25,Wand
Lumiaire,,40,Wand
Ring of Divine Faith,,1,Wand
St. Abraham's Wand,St. Abraham Wand,3,Wand
Brass Chamberstick,,15,Wand
C.L.A.W.,,10,Wand
Wand of the Summoned One,,10,Wand
Sprite Wand,,4,Wand
Measuring Wand,,10,Wand
Dusky Catalyst,,35,Wand
Rainbow Rod,,5,Wand
Earthen Ward,,15,Wand
Lethargic Sentience,,15,Wand
Cane of Caduceus,,15,Wand
Laser Pointer,Steamworks Wand,30,Wand
Fortitude,Enhanced Bulwark,35,Wand
Shiny Lumiaire,Shiny Lumi,40,Wand
Shiny Laser Pointer,,40,Wand
Hero's Wand,Hero Wand,20,Wand
Aspirant's Wand,Aspirant Wand,20,Wand
Lightning Wand,,20,Wand
Shiny Wand of the Fallen,Shiny Fallen Wand,30,Wand
Holy Artifact,,10,Wand
Heartbreaker Wand,,15,Wand
Tormented Shriek,,10,Wand
Shiny Soul's Guidance,Shiny Souls Guidance,20,Wand
Rod of Radiance,,20,Wand
Temporal Wand,,20,Wand
Deliverance,,30,Wand
Wand of Ancient Terror,,5,Wand
Shiny Brass Chamberstick,,20,Wand
Shiny Conducting Wand,,20,Wand
Shiny Dusky Catalyst,,40,Wand
Sweet Desire Wand,,15,Wand
Shiny Wand of the Bulwark,,25,Wand
Shiny St. Abraham's Wand,,8,Wand
Shiny Sprite Wand,,9,Wand
Wand of Hidden Knowledge,,18,Wand
Caduceus of Enlightened Chaos,,12,Wand
Shiny Deliverance,,35,Wand
Sigil of the Horse,t6 sigil,10,Sigil
Sigil of the Rhino,t7 sigil,30,Sigil
Sharktooth Sigil,,,Sigil
Silken Sigil,,,Sigil
Draconic Insignia,,,Sigil
Crystalline Sigil,,,Sigil
Swarmlord's Sigil,,,Sigil
Hawkmaster Sigil,,,Sigil
Sigil of the Rubber Duck,,,Sigil
Sigil of the Reindeer,,,Sigil
Legion Elite Sigil,,,Sigil
Mechraptor Sigil,,,Sigil
Gearhawk Morning Star,,,Morning Star
Mechpilot's Jerkin,,,Leather Armor
Pressure Gauge Band,,,Ring